user,label,risk_score,risk_category,alert_priority
AAE0190,0,0.0,Low Risk,
AAF0535,1,0.899583974791508,High Risk,Critical
AAF0791,0,0.0,Low Risk,
AAL0706,0,0.0,Low Risk,
AAM0658,1,0.9864817735507854,High Risk,Critical
AAN0823,0,0.0,Low Risk,
AAS0442,0,0.0,Low Risk,
AAV0450,0,0.0,Low Risk,
AAW0353,0,0.0,Low Risk,
ABC0174,1,0.7289929621536713,Medium Risk,Suspicious
ABC0253,0,0.0,Low Risk,
ABH0663,0,0.0,Low Risk,
ABM0845,0,0.0,Low Risk,
ABN0239,0,0.0,Low Risk,
ACC0042,0,0.0,Low Risk,
ACV0812,0,0.0,Low Risk,
ADC0391,0,0.0017383177570093457,Low Risk,Normal
ADD0846,0,0.0,Low Risk,
ADF0397,0,0.001537190082644628,Low Risk,Normal
AES0827,0,0.0,Low Risk,
AGB0186,0,0.0,Low Risk,
AGB0643,0,0.0,Low Risk,
AHC0142,0,0.0,Low Risk,
AHD0848,0,0.07636477542093618,Low Risk,Normal
AHG0634,0,0.0,Low Risk,
AHM0410,0,0.005028769030013048,Low Risk,Normal
AIB0948,0,0.018760818116905775,Low Risk,Normal
AIH0675,0,0.0,Low Risk,
AIM0627,0,0.0,Low Risk,
AIP0394,0,0.0,Low Risk,
AIP0982,0,0.001537190082644628,Low Risk,Normal
AIS0405,0,0.0,Low Risk,
AJC0840,0,0.0,Low Risk,
AJD0074,0,0.0,Low Risk,
AJF0370,0,0.10935070033585621,Low Risk,Normal
AJH0175,0,0.1855930321216438,Low Risk,Normal
AJL0462,0,0.0,Low Risk,
AJN0607,0,0.0017383177570093457,Low Risk,Normal
AJP0723,0,0.0,Low Risk,
AJR0319,0,0.0,Low Risk,
AJR0932,1,0.8914737750023307,High Risk,Critical
AKC0924,0,0.0,Low Risk,
AKF0709,0,0.0,Low Risk,
AKH0758,0,0.0,Low Risk,
AKK0329,0,0.0,Low Risk,
AKR0057,1,0.8799806094335653,High Risk,Critical
AKW0167,0,0.0,Low Risk,
ALB0892,0,0.0,Low Risk,
ALC0788,0,0.0,Low Risk,
ALD0529,0,0.0,Low Risk,
ALD0544,0,0.0,Low Risk,
ALH0402,0,0.0,Low Risk,
AMD0077,0,0.001537190082644628,Low Risk,Normal
AMH0464,0,0.0,Low Risk,
AMH0794,0,0.0,Low Risk,
AMJ0297,0,0.0,Low Risk,
AMM0014,0,0.0,Low Risk,
AMR0318,0,0.0721837539339154,Low Risk,Normal
AMR0400,0,0.0,Low Risk,
AMV0036,0,0.0,Low Risk,
AMW0392,0,0.0,Low Risk,
ANM0123,0,0.21707202439682474,Low Risk,Normal
ANP0555,0,0.0,Low Risk,
ANT0430,0,0.0,Low Risk,
AOB0019,0,0.0,Low Risk,
AOK0844,0,0.059605797882560534,Low Risk,Normal
AOS0987,0,0.0,Low Risk,
APG0307,0,0.0,Low Risk,
AQD0820,0,0.0,Low Risk,
ARA0252,0,0.0,Low Risk,
ARB0834,0,0.0,Low Risk,
ARB0881,0,0.0,Low Risk,
ARD0509,0,0.0,Low Risk,
ARL0034,0,0.0,Low Risk,
ASB0796,0,0.0,Low Risk,
ASD0577,0,0.0,Low Risk,
ASG0048,0,0.0,Low Risk,
ASG0692,0,0.0,Low Risk,
ASL0378,0,0.0,Low Risk,
ASM0575,0,0.0,Low Risk,
ASS0206,0,0.0,Low Risk,
ASS0517,0,0.0,Low Risk,
ASV0946,0,0.0,Low Risk,
ATE0869,0,0.01367527850380587,Low Risk,Normal
ATF0274,0,0.0,Low Risk,
ATP0662,0,0.005338734967822081,Low Risk,Normal
AVM0947,0,0.03830050880094633,Low Risk,Normal
AWM0764,0,0.0,Low Risk,
BAH0875,0,0.0,Low Risk,
BAJ0654,0,0.02867452020811877,Low Risk,Normal
BAK0964,0,0.0,Low Risk,
BAL0044,0,0.119255992922021,Low Risk,Normal
BAM0611,0,0.0,Low Risk,
BAM0636,0,0.0,Low Risk,
BBG0325,0,0.012706532218396458,Low Risk,Normal
BBH0810,0,0.0,Low Risk,
BBS0039,1,0.901525759381918,High Risk,Critical
BBS0422,0,0.015044146367250155,Low Risk,Normal
BCB0679,0,0.002,Low Risk,Normal
BCM0653,0,0.0,Low Risk,
BCR0581,0,0.0,Low Risk,
BDB0453,0,0.0,Low Risk,
BDI0533,0,0.028944978248278984,Low Risk,Normal
BDV0168,1,0.9898351135296937,High Risk,Critical
BEC0505,0,0.0,Low Risk,
BEH0615,0,0.017162487751675937,Low Risk,Normal
BER0314,0,0.0,Low Risk,
BHC0665,0,0.0,Low Risk,
BHW0458,0,0.0,Low Risk,
BIH0745,1,0.9042406900809692,High Risk,Critical
BIS0247,0,0.12258835421021393,Low Risk,Normal
BJH0354,0,0.0,Low Risk,
BJH0811,0,0.0,Low Risk,
BJM0111,0,0.01181104895104895,Low Risk,Normal
BJP0134,0,0.010559690442541054,Low Risk,Normal
BJW0619,0,0.0,Low Risk,
BKW0374,0,0.0,Low Risk,
BLB0114,0,0.0,Low Risk,
BLL0929,0,0.0,Low Risk,
BLS0678,1,0.9770724494970966,High Risk,Critical
BMC0547,0,0.0,Low Risk,
BMG0917,0,0.004,Low Risk,Normal
BMM0112,0,0.0,Low Risk,
BMS0877,0,0.007738510090945324,Low Risk,Normal
BMT0528,0,0.03843880353015331,Low Risk,Normal
BNG0237,0,0.0,Low Risk,
BNR0965,0,0.0,Low Risk,
BQS0525,0,0.13912101628251508,Low Risk,Normal
BRB0355,0,0.021785805944385176,Low Risk,Normal
BRM0995,0,0.0,Low Risk,
BRS0734,0,0.1423194952310808,Low Risk,Normal
BSA0431,0,0.0,Low Risk,
BSB0990,0,0.0,Low Risk,
BSH0445,0,0.0,Low Risk,
BSS0369,1,0.727757013407474,Medium Risk,Suspicious
BSS0463,0,0.0,Low Risk,
BTL0226,1,0.9329454620008716,High Risk,Critical
BTL0722,0,0.0,Low Risk,
BTN0061,0,0.0,Low Risk,
BTR0403,0,0.20975437359385196,Low Risk,Normal
BTS0011,0,0.0,Low Risk,
BTW0005,0,0.0,Low Risk,
BVC0790,0,0.013528873720136518,Low Risk,Normal
BVN0514,0,0.002,Low Risk,Normal
BWH0813,0,0.0,Low Risk,
BWP0202,0,0.02371968747864513,Low Risk,Normal
BXJ0010,0,0.0,Low Risk,
BYP0070,0,0.0,Low Risk,
CAA0612,0,0.005525778896905718,Low Risk,Normal
CAB0388,0,0.0,Low Risk,
CAB0614,0,0.010568367529489083,Low Risk,Normal
CAC0889,0,0.002,Low Risk,Normal
CAH0936,1,0.9009043229524796,High Risk,Critical
CAM0102,0,0.0,Low Risk,
CAM0681,0,0.055933330500246015,Low Risk,Normal
CAN0842,0,0.0,Low Risk,
CAS0507,0,0.050195046749545676,Low Risk,Normal
CBB0365,0,0.0,Low Risk,
CBG0398,0,0.0,Low Risk,
CBG0490,0,0.002,Low Risk,Normal
CCA0046,1,0.8433675484835547,High Risk,Critical
CCC0393,0,0.0,Low Risk,
CCH0182,0,0.0,Low Risk,
CCH0685,0,0.0,Low Risk,
CCL0068,1,0.9225385136773534,High Risk,Critical
CCM0136,0,0.05011922372443321,Low Risk,Normal
CCM0467,0,0.0,Low Risk,
CCM0855,0,0.0,Low Risk,
CCR0863,0,0.0,Low Risk,
CCW0031,0,0.0,Low Risk,
CCW0524,0,0.0,Low Risk,
CEB0210,0,0.0,Low Risk,
CEJ0109,1,0.9537122269454975,High Risk,Critical
CEL0561,0,0.0,Low Risk,
CFG0959,0,0.002,Low Risk,Normal
CFM0767,0,0.07518128949754913,Low Risk,Normal
CFW0264,0,0.0,Low Risk,
CGA0629,0,0.0,Low Risk,
CGB0637,0,0.025275700173589953,Low Risk,Normal
CGF0337,0,0.0,Low Risk,
CHG0146,0,0.0,Low Risk,
CHM0821,0,0.08276096170484828,Low Risk,Normal
CIG0052,0,0.0,Low Risk,
CIM0271,0,0.005254231243909294,Low Risk,Normal
CIM0926,0,0.0,Low Risk,
CJC0494,0,0.0,Low Risk,
CJF0802,0,0.0,Low Risk,
CJG0470,0,0.0,Low Risk,
CJH0702,0,0.0,Low Risk,
CJK0200,0,0.0,Low Risk,
CJM0138,0,0.0,Low Risk,
CJM0521,0,0.0,Low Risk,
CJP0952,0,0.0,Low Risk,
CJV0286,0,0.0,Low Risk,
CKB0427,0,0.0,Low Risk,
CKB0482,0,0.0,Low Risk,
CKD0680,0,0.0,Low Risk,
CKH0144,0,0.0,Low Risk,
CKP0721,0,0.0,Low Risk,
CLB0774,0,0.031726459399948656,Low Risk,Normal
CLD0894,0,0.0,Low Risk,
CLF0852,0,0.0,Low Risk,
CLH0703,0,0.0,Low Risk,
CLS0296,0,0.0,Low Risk,
CMB0912,0,0.0,Low Risk,
CMM0487,0,0.0,Low Risk,
CMS0454,0,0.0,Low Risk,
CMW0783,0,0.0,Low Risk,
CNB0900,0,0.0,Low Risk,
CNE0352,0,0.0,Low Risk,
CNM0800,0,0.0,Low Risk,
COF0120,0,0.0,Low Risk,
COM0321,0,0.0,Low Risk,
CPG0322,0,0.0,Low Risk,
CQH0701,0,0.07357918693417549,Low Risk,Normal
CQH0730,0,0.0,Low Risk,
CQW0652,1,0.7758879716655248,Medium Risk,Suspicious
CRD0624,0,0.0,Low Risk,
CRK0916,0,0.0,Low Risk,
CRO0027,0,0.0,Low Risk,
CRP0456,0,0.0,Low Risk,
CSB0080,0,0.0,Low Risk,
CSC0217,1,0.8980998111088714,High Risk,Critical
CSH0626,0,0.0,Low Risk,
CSJ0340,0,0.0,Low Risk,
CSL0949,0,0.0,Low Risk,
CSP0197,0,0.0,Low Risk,
CTA0020,0,0.007192957390393598,Low Risk,Normal
CTR0341,0,0.0,Low Risk,
CTR0697,0,0.0,Low Risk,
CTW0500,0,0.0,Low Risk,
CUD0795,0,0.0,Low Risk,
CWB0065,0,0.0017383177570093457,Low Risk,Normal
CWR0502,0,0.019588824574857985,Low Risk,Normal
CXC0336,0,0.0,Low Risk,
CYA0506,0,0.0,Low Risk,
DAG0558,0,0.0,Low Risk,
DAL0673,0,0.05687962359601255,Low Risk,Normal
DAR0885,0,0.0,Low Risk,
DBB0384,0,0.011434990205591848,Low Risk,Normal
DBG0261,0,0.0,Low Risk,
DBS0235,0,0.0,Low Risk,
DBW0483,0,0.0,Low Risk,
DCC0160,0,0.0,Low Risk,
DCH0843,1,0.9698432404828113,High Risk,Critical
DDA0476,0,0.0,Low Risk,
DDM0579,0,0.0,Low Risk,
DEB0782,0,0.0,Low Risk,
DFH0188,0,0.06706571413632467,Low Risk,Normal
DFR0218,0,0.0018599999999999999,Low Risk,Normal
DGF0443,0,0.0,Low Risk,
DGM0754,0,0.0,Low Risk,
DGN0480,0,0.002,Low Risk,Normal
DGW0752,0,0.0,Low Risk,
DHM0937,0,0.0,Low Risk,
DIB0081,0,0.24673431690057263,Low Risk,Normal
DIB0285,1,0.8846865052997775,High Risk,Critical
DIC0988,0,0.0,Low Risk,
DID0650,0,0.0,Low Risk,
DIW0118,0,0.002,Low Risk,Normal
DJB0159,0,0.0,Low Risk,
DJS0682,0,0.0,Low Risk,
DKB0631,0,0.0,Low Risk,
DLF0377,0,0.0,Low Risk,
DLH0029,0,0.0,Low Risk,
DLM0051,0,0.0,Low Risk,
DLS0383,0,0.0,Low Risk,
DMG0358,0,0.0,Low Risk,
DMK0257,0,0.003537190082644628,Low Risk,Normal
DMM0623,0,0.0,Low Risk,
DOL0332,0,0.0,Low Risk,
DOP0562,0,0.0,Low Risk,
DPM0423,0,0.007256015807436681,Low Risk,Normal
DPS0262,0,0.002,Low Risk,Normal
DRR0162,1,0.9743524624527775,High Risk,Critical
DRR0242,0,0.0,Low Risk,
DSB0731,0,0.0,Low Risk,
DSM0591,0,0.0,Low Risk,
DTP0379,0,0.0,Low Risk,
DTT0076,0,0.0,Low Risk,
DVM0265,0,0.0,Low Risk,
DVW0103,0,0.0,Low Risk,
DZC0228,0,0.0,Low Risk,
EAH0466,0,0.12630695317760327,Low Risk,Normal
EBC0390,0,0.0,Low Risk,
ECF0828,0,0.0,Low Risk,
ECL0930,0,0.0,Low Risk,
ECR0822,0,0.0,Low Risk,
EDA0684,0,0.0,Low Risk,
EDB0714,1,0.8446524216724779,High Risk,Critical
EFS0882,0,0.0,Low Risk,
EGD0132,1,0.8629166528752343,High Risk,Critical
EGD0409,0,0.0,Low Risk,
EGK0893,0,0.003488239033693579,Low Risk,Normal
EHB0420,0,0.0,Low Risk,
EHB0824,1,0.8866666218051482,High Risk,Critical
EHD0584,1,0.8841945650434736,High Risk,Critical
EHR0096,0,0.0,Low Risk,
EIM0156,0,0.0,Low Risk,
EIP0997,0,0.0,Low Risk,
EIS0041,0,0.17936400629913357,Low Risk,Normal
EJW0884,0,0.0,Low Risk,
ELB0847,0,0.0,Low Risk,
ELH0960,0,0.0,Low Risk,
ELT0769,0,0.0,Low Risk,
EMB0531,0,0.0,Low Risk,
EMS0317,0,0.0,Low Risk,
EMW0105,0,0.0,Low Risk,
EMW0772,0,0.16017625969654936,Low Risk,Normal
ENC0234,0,0.0,Low Risk,
ENL0100,0,0.0,Low Risk,
EPW0434,0,0.0,Low Risk,
ERH0449,0,0.0,Low Risk,
ESA0642,0,0.0,Low Risk,
ESH0135,0,0.0,Low Risk,
ESH0283,0,0.0474096597272369,Low Risk,Normal
ESJ0670,0,0.029190406537093542,Low Risk,Normal
ESR0693,0,0.3104888728555411,Low Risk,Watch
ETR0177,0,0.0,Low Risk,
ETR0428,0,0.0,Low Risk,
EWH0191,0,0.0,Low Risk,
EZH0736,0,0.0,Low Risk,
EZT0640,0,0.0,Low Risk,
FAW0032,0,0.0,Low Risk,
FBA0348,0,0.0,Low Risk,
FBW0747,0,0.0,Low Risk,
FDE0117,0,0.0,Low Risk,
FEB0306,0,0.06727944038133056,Low Risk,Normal
FFC0891,0,0.1520717954497379,Low Risk,Normal
FGW0853,0,0.0,Low Risk,
FHO0630,0,0.0,Low Risk,
FHS0837,0,0.0,Low Risk,
FIR0920,0,0.0,Low Risk,
FKB0163,0,0.0,Low Risk,
FKK0055,0,0.02782021079096716,Low Risk,Normal
FLM0213,0,0.0,Low Risk,
FMG0527,1,0.9566945314204754,High Risk,Critical
FOB0756,0,0.045556553637002555,Low Risk,Normal
FPC0954,0,0.0,Low Risk,
FQA0854,0,0.0,Low Risk,
FRB0023,0,0.0,Low Risk,
FRL0511,0,0.0,Low Risk,
FRR0832,0,0.0,Low Risk,
FSB0399,0,0.0,Low Risk,
FSC0601,1,0.8112147392769242,High Risk,Critical
FTM0406,1,0.995072272166101,High Risk,Critical
FUM0015,0,0.0,Low Risk,
FWM0707,0,0.0017383177570093457,Low Risk,Normal
FXF0957,0,0.0,Low Risk,
GAF0060,0,0.0,Low Risk,
GAF0570,0,0.0,Low Risk,
GBM0603,0,0.002,Low Risk,Normal
GCC0744,0,0.0,Low Risk,
GCC0945,0,0.0,Low Risk,
GCG0951,0,0.0,Low Risk,
GCL0016,0,0.0,Low Risk,
GCR0554,0,0.0,Low Risk,
GCS0518,0,0.0,Low Risk,
GCS0571,0,0.04132537901296691,Low Risk,Normal
GDF0704,0,0.0,Low Risk,
GHH0288,0,0.07821160415654,Low Risk,Normal
GHL0460,1,0.9827375009338863,High Risk,Critical
GJD0298,0,0.0,Low Risk,
GJT0386,0,0.0,Low Risk,
GKO0078,0,0.0018599999999999999,Low Risk,Normal
GLR0975,0,0.0,Low Risk,
GMF0738,0,0.0,Low Risk,
GNS0178,0,0.021890521825912206,Low Risk,Normal
GNZ0953,0,0.0,Low Risk,
GOK0238,0,0.0,Low Risk,
GQF0659,0,0.0,Low Risk,
GQP0743,0,0.0,Low Risk,
GRC0145,0,0.0,Low Risk,
GRM0868,0,0.0,Low Risk,
GTD0116,0,0.0,Low Risk,
GTD0219,1,0.7742918820414606,Medium Risk,Suspicious
GTD0898,0,0.0,Low Risk,
GZB0469,0,0.0,Low Risk,
GZC0735,0,0.011802236983015479,Low Risk,Normal
HAC0282,0,0.0,Low Risk,
HAD0246,0,0.005147909141093038,Low Risk,Normal
HAH0248,0,0.0,Low Risk,
HAH0760,0,0.020412842797680054,Low Risk,Normal
HAM0985,0,0.0,Low Risk,
HAV0121,0,0.0,Low Risk,
HBB0056,0,0.0,Low Risk,
HBO0413,1,0.5131350024856471,Medium Risk,Watch
HCC0344,0,0.0,Low Risk,
HCL0113,0,0.0,Low Risk,
HCL0651,0,0.045922531868687964,Low Risk,Normal
HCM0267,0,0.01549157894736842,Low Risk,Normal
HCS0003,0,0.031928372820001195,Low Risk,Normal
HCV0478,0,0.0,Low Risk,
HCW0419,0,0.0,Low Risk,
HDD0789,0,0.0,Low Risk,
HDD0806,0,0.0,Low Risk,
HDH0928,0,0.06513104541590417,Low Risk,Normal
HDJ0446,0,0.0,Low Risk,
HDL0748,0,0.0,Low Risk,
HDS0367,0,0.1342530590048075,Low Risk,Normal
HFB0347,0,0.14080057738244103,Low Risk,Normal
HGG0240,0,0.0,Low Risk,
HGH0595,0,0.0,Low Risk,
HGN0287,0,0.0,Low Risk,
HIA0414,0,0.0,Low Risk,
HIW0536,0,0.0,Low Risk,
HJA0018,0,0.0,Low Risk,
HJB0742,1,0.7931730424971812,Medium Risk,Suspicious
HJS0072,0,0.2610784857363033,Low Risk,Normal
HKB0418,0,0.0018599999999999999,Low Risk,Normal
HKF0831,0,0.0,Low Risk,
HKI0171,0,0.0,Low Risk,
HKR0628,0,0.0,Low Risk,
HLH0512,0,0.0,Low Risk,
HLM0933,0,0.0,Low Risk,
HMM0108,0,0.1329395926760726,Low Risk,Normal
HMW0713,0,0.0,Low Risk,
HOB0994,0,0.0,Low Risk,
HPH0075,0,0.0,Low Risk,
HPM0986,0,0.0,Low Risk,
HPR0585,0,0.0,Low Risk,
HRB0351,0,0.008986358606560281,Low Risk,Normal
HRD0635,0,0.002,Low Risk,Normal
HRL0540,0,0.0058110489510489515,Low Risk,Normal
HRW0550,0,0.0,Low Risk,
HSB0196,0,0.0,Low Risk,
HSD0457,0,0.0,Low Risk,
HSG0818,0,0.0,Low Risk,
HSP0290,0,0.0,Low Risk,
HTF0641,0,0.0,Low Risk,
HTH0007,0,0.0,Low Risk,
HVB0037,0,0.0,Low Risk,
HVF0067,0,0.02925689967077335,Low Risk,Normal
HWH0646,0,0.0,Low Risk,
HWM0342,0,0.0,Low Risk,
HWW0436,0,0.05170608782657864,Low Risk,Normal
HWY0038,0,0.0018599999999999999,Low Risk,Normal
HXL0968,1,0.968141366831608,High Risk,Critical
IAR0694,0,0.002,Low Risk,Normal
IAT0263,0,0.0,Low Risk,
IBB0359,0,0.11089753635421815,Low Risk,Normal
IBB0696,0,0.08882734700979604,Low Risk,Normal
IBM0671,0,0.015338348786563684,Low Risk,Normal
IBP0883,0,0.0,Low Risk,
IBS0836,0,0.041589244631805876,Low Risk,Normal
ICH0294,0,0.06678626773833915,Low Risk,Normal
ICS0956,0,0.0,Low Risk,
IDO0176,0,0.0,Low Risk,
IEB0153,0,0.0,Low Risk,
IHK0841,0,0.0,Low Risk,
IIA0092,0,0.0,Low Risk,
IIL0513,0,0.0,Low Risk,
IIW0249,0,0.021863000279251362,Low Risk,Normal
IJM0139,0,0.0,Low Risk,
IJM0444,0,0.004847049237574206,Low Risk,Normal
IJM0776,1,0.8678494132214,High Risk,Critical
IJR0825,0,0.0,Low Risk,
IJW0851,0,0.0016315789473684212,Low Risk,Normal
IKP0472,0,0.06190546504457653,Low Risk,Normal
IKR0401,1,0.8996031485168628,High Risk,Critical
ILC0838,0,0.0,Low Risk,
ILH0958,0,0.017451464610156196,Low Risk,Normal
ILJ0526,0,0.05360636419165561,Low Risk,Normal
ILR0304,0,0.0,Low Risk,
IMB0481,0,0.0,Low Risk,
IMG0320,0,0.0,Low Risk,
IMP0530,0,0.0,Low Risk,
IRM0931,0,0.019191038964572835,Low Risk,Normal
IRT0491,0,0.0,Low Risk,
IUB0565,1,0.9827572932203971,High Risk,Critical
IUY0279,0,0.0,Low Risk,
IWM0816,0,0.0,Low Risk,
IYB0918,0,0.0,Low Risk,
JAD0609,0,0.0,Low Risk,
JAJ0849,0,0.0,Low Risk,
JAM0382,0,0.0,Low Risk,
JAV0361,0,0.0,Low Risk,
JBD0616,0,0.001683257918552036,Low Risk,Normal
JBM0350,0,0.0,Low Risk,
JCC0225,0,0.0,Low Risk,
JCG0316,0,0.0,Low Risk,
JCR0172,0,0.0,Low Risk,
JCR0289,0,0.0,Low Risk,
JCR0770,0,0.0,Low Risk,
JCR0921,0,0.0,Low Risk,
JCV0245,0,0.0,Low Risk,
JCW0858,0,0.0,Low Risk,
JDB0169,0,0.009249437980802551,Low Risk,Normal
JDC0030,0,0.0018175895765472315,Low Risk,Normal
JDF0593,0,0.031085831133958304,Low Risk,Normal
JER0404,0,0.0,Low Risk,
JFC0557,0,0.003397190082644628,Low Risk,Normal
JFC0757,0,0.0,Low Risk,
JGM0934,0,0.0,Low Risk,
JGT0221,1,0.949471234949157,High Risk,Critical
JHP0583,0,0.08247232995024499,Low Risk,Normal
JIG0128,0,0.0,Low Risk,
JIM0095,0,0.0,Low Risk,
JJB0127,0,0.0,Low Risk,
JJB0700,0,0.0,Low Risk,
JJH0292,0,0.0,Low Risk,
JJH0613,0,0.00979911723916489,Low Risk,Normal
JJM0203,1,0.8878853759923,High Risk,Critical
JKB0126,0,0.0,Low Risk,
JKF0465,0,0.0,Low Risk,
JKJ0698,0,0.0,Low Risk,
JKM0303,0,0.0,Low Risk,
JLM0364,1,0.8490890479921847,High Risk,Critical
JLW0053,0,0.0,Low Risk,
JMB0308,1,0.9906867812700417,High Risk,Critical
JMC0925,0,0.002,Low Risk,Normal
JMD0520,0,0.016188653947711722,Low Risk,Normal
JMH0543,0,0.0,Low Risk,
JMK0099,0,0.005624802803729489,Low Risk,Normal
JML0909,0,0.0,Low Risk,
JMW0638,0,0.0,Low Risk,
JNA0559,0,0.0,Low Risk,
JNJ0556,0,0.013738510090945323,Low Risk,Normal
JOL0024,0,0.0017383177570093457,Low Risk,Normal
JOM0750,0,0.0,Low Risk,
JPA0667,0,0.002,Low Risk,Normal
JPW0741,0,0.0,Low Risk,
JRF0835,0,0.0,Low Risk,
JRG0207,1,0.9326836946990816,High Risk,Critical
JRH0455,0,0.0,Low Risk,
JRL0574,0,0.0,Low Risk,
JRS0362,0,0.0018599999999999999,Low Risk,Normal
JSA0775,0,0.0,Low Risk,
JSH0330,0,0.0,Low Risk,
JTM0223,1,0.9466029865459973,High Risk,Critical
JTS0389,0,0.19368426488653748,Low Risk,Normal
JXH0493,0,0.0,Low Risk,
JZD0888,0,0.0,Low Risk,
KAC0124,0,0.0,Low Risk,
KAL0395,0,0.0,Low Risk,
KAT0270,0,0.0,Low Risk,
KAT0489,0,0.0,Low Risk,
KBB0189,0,0.0,Low Risk,
KBC0054,0,0.0,Low Risk,
KBG0549,0,0.044570563531136954,Low Risk,Normal
KBL0260,0,0.0,Low Risk,
KBP0008,0,0.0,Low Risk,
KBS0874,0,0.0,Low Risk,
KCB0815,0,0.0,Low Risk,
KCF0045,0,0.0,Low Risk,
KCO0122,0,0.005514142610540027,Low Risk,Normal
KCS0173,0,0.01675144158955522,Low Risk,Normal
KDS0349,0,0.0,Low Risk,
KDT0346,0,0.001537190082644628,Low Risk,Normal
KES0729,0,0.0,Low Risk,
KJA0152,0,0.0,Low Risk,
KJG0910,0,0.0,Low Risk,
KJJ0293,0,0.12016082117057496,Low Risk,Normal
KJM0887,0,0.0,Low Risk,
KJP0371,0,0.0,Low Risk,
KJS0618,0,0.0,Low Risk,
KJW0416,0,0.0017383177570093457,Low Risk,Normal
KKC0683,0,0.0,Low Risk,
KKS0119,0,0.0,Low Risk,
KKW0879,0,0.00904882672882673,Low Risk,Normal
KLH0596,1,0.8775770222981073,High Risk,Critical
KLM0639,0,0.0,Low Risk,
KMB0922,0,0.050135268418645,Low Risk,Normal
KMS0657,0,0.0,Low Risk,
KMW0545,0,0.042555573626328606,Low Risk,Normal
KNB0022,0,0.0,Low Risk,
KNG0672,0,0.0,Low Risk,
KNW0644,0,0.0,Low Risk,
KPC0073,1,0.8566818815980068,High Risk,Critical
KPP0452,0,0.0,Low Risk,
KPR0497,0,0.0,Low Risk,
KQC0708,0,0.0,Low Risk,
KQS0415,0,0.0,Low Risk,
KRG0158,0,0.0,Low Risk,
KRL0062,0,0.0,Low Risk,
KRL0501,1,0.8680823717964864,High Risk,Critical
KRM0541,0,0.0,Low Risk,
KRV0372,0,0.0,Low Risk,
KSH0569,0,0.0,Low Risk,
KSP0357,0,0.002,Low Risk,Normal
KSP0966,0,0.0,Low Risk,
KTG0091,0,0.0,Low Risk,
KVS0425,0,0.0,Low Risk,
KVT0028,0,0.0,Low Risk,
KWC0004,0,0.0,Low Risk,
KWE0082,0,0.00543184840425532,Low Risk,Normal
LAF0991,0,0.0,Low Risk,
LAM0911,0,0.0,Low Risk,
LAP0338,0,0.0,Low Risk,
LBC0356,0,0.0,Low Risk,
LBF0214,0,0.01943147697241354,Low Risk,Normal
LBH0942,0,0.005890521825912204,Low Risk,Normal
LCB0664,0,0.006921035696329813,Low Risk,Normal
LCC0819,1,0.9492656351609794,High Risk,Critical
LCD0622,0,0.0,Low Risk,
LDB0090,0,0.0,Low Risk,
LDD0560,0,0.0,Low Risk,
LDG0459,0,0.037203807430152384,Low Risk,Normal
LDM0587,0,0.0,Low Risk,
LEM0605,0,0.0,Low Risk,
LFS0071,0,0.0,Low Risk,
LHB0606,0,0.0,Low Risk,
LHB0967,0,0.0,Low Risk,
LHL0309,0,0.0,Low Risk,
LHN0151,0,0.0,Low Risk,
LIM0674,0,0.029851815994563168,Low Risk,Normal
LJB0826,0,0.0,Low Risk,
LJJ0905,0,0.0,Low Risk,
LJR0523,1,0.9706317032363936,High Risk,Critical
LJT0817,0,0.003491578947368421,Low Risk,Normal
LLV0602,0,0.0,Low Risk,
LMF0980,0,0.0,Low Risk,
LNR0656,0,0.002,Low Risk,Normal
LNS0989,0,0.0,Low Risk,
LOF0311,0,0.0,Low Risk,
LOM0086,0,0.33127376854751805,Low Risk,Watch
LPC0492,0,0.0,Low Risk,
LPH0572,0,0.0,Low Risk,
LQC0479,1,0.9651700214827866,High Risk,Critical
LQP0508,0,0.0,Low Risk,
LRR0148,0,0.009046651497914298,Low Risk,Normal
LRW0970,0,0.0,Low Risk,
LTS0860,0,0.0,Low Risk,
LUR0896,0,0.0,Low Risk,
MAD0496,0,0.0,Low Risk,
MAD0753,0,0.0,Low Risk,
MAE0331,0,0.0,Low Risk,
MAH0149,0,0.0,Low Risk,
MAH0864,0,0.0,Low Risk,
MAR0955,1,0.9186163192779552,High Risk,Critical
MAS0025,1,0.9861237929420088,High Risk,Critical
MAW0166,0,0.0,Low Risk,
MBG0438,0,0.0,Low Risk,
MBJ0312,0,0.011609165234509358,Low Risk,Normal
MBR0724,0,0.0,Low Risk,
MBW0809,0,0.002,Low Risk,Normal
MCD0125,0,0.2830717397451354,Low Risk,Normal
MCF0327,0,0.0,Low Risk,
MCF0600,1,0.806254459917709,High Risk,Critical
MCJ0324,0,0.0,Low Risk,
MCS0035,0,0.0,Low Risk,
MCT0720,0,0.0,Low Risk,
MDH0580,1,0.9181460546150558,High Risk,Critical
MDH0686,0,0.0,Low Risk,
MDM0625,0,0.01351631298080255,Low Risk,Normal
MDM0976,0,0.0,Low Risk,
MES0407,0,0.0,Low Risk,
MFV0897,0,0.0,Low Risk,
MGS0974,0,0.015841118534751755,Low Risk,Normal
MHA0798,0,0.0,Low Risk,
MHG0244,0,0.0,Low Risk,
MHG0733,0,0.0,Low Risk,
MHH0180,0,0.0,Low Risk,
MIB0904,0,0.0,Low Risk,
MIC0726,0,0.0,Low Risk,
MIL0255,0,0.0,Low Risk,
MIM0712,0,0.0,Low Risk,
MJB0588,0,0.0,Low Risk,
MJM0510,0,0.0,Low Risk,
MJS0890,0,0.0,Low Risk,
MKG0711,0,0.0,Low Risk,
MKL0941,0,0.0,Low Risk,
MKP0861,0,0.0,Low Risk,
MKS0204,0,0.0,Low Risk,
MKW0441,0,0.06741087101012035,Low Risk,Normal
MLD0755,0,0.0,Low Risk,
MLG0475,0,0.0,Low Risk,
MLL0598,0,0.0952700694653855,Low Risk,Normal
MLM0950,0,0.03284198262568821,Low Risk,Normal
MLP0668,0,0.0,Low Risk,
MMB0488,0,0.002,Low Risk,Normal
MMG0943,0,0.0,Low Risk,
MNC0717,0,0.0,Low Risk,
MNR0829,0,0.0,Low Risk,
MNS0224,0,0.0,Low Risk,
MOH0273,0,0.014304300891607679,Low Risk,Normal
MOP0763,0,0.0,Low Risk,
MOS0047,1,0.8501087485969622,High Risk,Critical
MPM0220,1,0.5242953691635988,Medium Risk,Watch
MPT0376,0,0.013393596045365034,Low Risk,Normal
MSD0939,0,0.0,Low Risk,
MSG0839,0,0.0,Low Risk,
MSH0040,0,0.002,Low Risk,Normal
MSO0222,1,0.8996842957177568,High Risk,Critical
MSS0001,0,0.0,Low Risk,
MSZ0310,0,0.0,Low Risk,
MTB0620,0,0.001453125,Low Risk,Normal
MTT0901,0,0.14308995190437304,Low Risk,Normal
MVB0515,0,0.029447009483534674,Low Risk,Normal
MVF0594,0,0.0,Low Risk,
MVH0373,0,0.0,Low Risk,
MYD0978,1,0.9839752212389381,High Risk,Critical
NAB0801,0,0.001927461139896373,Low Risk,Normal
NAB0903,0,0.0,Low Risk,
NAF0033,0,0.0,Low Risk,
NAF0326,0,0.007226556790702925,Low Risk,Normal
NAH0503,0,0.0,Low Risk,
NAR0981,0,0.0,Low Risk,
NBC0412,0,0.0,Low Risk,
NBH0256,0,0.002,Low Risk,Normal
NCE0097,0,0.0,Low Risk,
NCH0179,0,0.0,Low Risk,
NCK0295,0,0.0,Low Risk,
NCK0421,0,0.0,Low Risk,
NCO0666,0,0.003559040087264794,Low Risk,Normal
NDM0417,0,0.014100269485836075,Low Risk,Normal
NGC0058,0,0.027351471840333975,Low Risk,Normal
NGF0157,0,0.07143054640949313,Low Risk,Normal
NGO0690,0,0.0,Low Risk,
NHE0919,0,0.002,Low Risk,Normal
NHH0185,0,0.0,Low Risk,
NIH0969,0,0.0,Low Risk,
NJB0243,0,0.0,Low Risk,
NJC0705,0,0.0,Low Risk,
NKH0807,0,0.0,Low Risk,
NKH0979,0,0.0,Low Risk,
NKP0236,0,0.3203473582003343,Low Risk,Watch
NLO0131,0,0.0,Low Risk,
NMB0972,0,0.0,Low Risk,
NMC0486,0,0.0,Low Risk,
NMF0780,0,0.0,Low Risk,
NMG0766,0,0.0,Low Risk,
NMS0280,0,0.15620227885004043,Low Risk,Normal
NNA0610,0,0.0,Low Risk,
NNS0059,0,0.0,Low Risk,
NOB0181,0,0.1171491370470587,Low Risk,Normal
NRD0548,0,0.002,Low Risk,Normal
NRF0137,0,0.0,Low Risk,
NRO0768,0,0.0,Low Risk,
NSC0597,0,0.0019510489510489511,Low Risk,Normal
NSS0876,0,0.0,Low Risk,
NUL0471,0,0.0,Low Risk,
NWK0215,0,0.0,Low Risk,
NWT0098,1,0.8008418114322798,High Risk,Critical
OBH0499,0,0.012978643705854054,Low Risk,Normal
OCB0805,0,0.0,Low Risk,
OCS0865,0,0.0034491685239156525,Low Risk,Normal
OHC0973,0,0.0,Low Risk,
OJK0233,0,0.0,Low Risk,
OKB0439,0,0.0,Low Risk,
OKC0107,0,0.0,Low Risk,
OLB0749,0,0.0,Low Risk,
OLF0504,0,0.0,Low Risk,
OLW0689,0,0.002,Low Risk,Normal
OMM0944,0,0.0,Low Risk,
OMS0101,0,0.0,Low Risk,
ONL0276,0,0.0,Low Risk,
ONW0083,0,0.0,Low Risk,
OQH0183,0,0.0,Low Risk,
ORB0473,0,0.0,Low Risk,
ORG0339,0,0.0017383177570093457,Low Risk,Normal
ORM0669,0,0.0,Low Risk,
OSH0655,0,0.0,Low Risk,
OYM0026,0,0.0,Low Risk,
PAD0773,0,0.033986374088415094,Low Risk,Normal
PBP0002,0,0.0,Low Risk,
PDH0716,0,0.07117946182275982,Low Risk,Normal
PDW0259,0,0.0,Low Risk,
PES0085,0,0.0,Low Risk,
PEV0323,0,0.0,Low Risk,
PGC0066,0,0.0,Low Risk,
PGH0184,0,0.0,Low Risk,
PGO0433,0,0.0,Low Risk,
PID0426,0,0.0,Low Risk,
PIS0522,0,0.0,Low Risk,
PKB0281,0,0.0,Low Risk,
PKB0429,0,0.0,Low Risk,
PLH0715,0,0.0,Low Risk,
PLH0862,0,0.0,Low Risk,
PMC0328,0,0.09419449949926935,Low Risk,Normal
PMJ0564,0,0.0,Low Risk,
PMV0850,0,0.07098078813974203,Low Risk,Normal
PNH0761,0,0.026749003004789346,Low Risk,Normal
PNL0301,1,0.8419101850740965,High Risk,Critical
POB0343,0,0.0,Low Risk,
PPF0435,1,0.9049159131374903,High Risk,Critical
PRM0740,0,0.0,Low Risk,
PSF0133,1,0.8953448411956066,High Risk,Critical
PTH0552,0,0.0,Low Risk,
PTH0830,0,0.0,Low Risk,
QCH0110,0,0.0,Low Risk,
QJR0688,0,0.014712560652725226,Low Risk,Normal
QNF0205,0,0.0,Low Risk,
QNP0216,0,0.0018599999999999999,Low Risk,Normal
QOS0878,0,0.4077995379683312,Low Risk,Watch
QPM0727,0,0.0,Low Risk,
QRM0739,0,0.009264687628728719,Low Risk,Normal
QSV0778,0,0.0,Low Risk,
RAB0589,1,0.8857943411475677,High Risk,Critical
RAG0275,0,0.0,Low Risk,
RAH0440,0,0.0,Low Risk,
RAM0447,0,0.0,Low Risk,
RAR0725,1,0.9506822481497981,High Risk,Critical
RAS0432,0,0.0,Low Risk,
RAW0915,0,0.06510586506014433,Low Risk,Normal
RBB0485,0,0.0,Low Risk,
RCC0617,0,0.0,Low Risk,
RCP0785,0,0.0,Low Risk,
RDM0115,0,0.0,Low Risk,
RDM0150,0,0.0,Low Risk,
RDT0424,0,0.018775936113797853,Low Risk,Normal
RFP0380,0,0.0,Low Risk,
RGG0064,1,0.9567852917187939,High Risk,Critical
RGH0728,0,0.008,Low Risk,Normal
RGN0408,0,0.0,Low Risk,
RHC0335,0,0.0,Low Risk,
RHL0992,1,0.8306828663778367,High Risk,Critical
RHO0732,0,0.0038599999999999997,Low Risk,Normal
RHP0484,0,0.0,Low Risk,
RHY0079,0,0.0,Low Risk,
RIH0777,0,0.0,Low Risk,
RJB0088,0,0.0,Low Risk,
RJM0381,0,0.0,Low Risk,
RKD0604,1,0.9646246632553696,High Risk,Critical
RKF0164,0,0.0,Low Risk,
RLB0719,0,0.0,Low Risk,
RLG0856,0,0.004,Low Risk,Normal
RMS0266,0,0.0,Low Risk,
RMW0542,1,0.922253822406358,High Risk,Critical
RNF0765,0,0.0,Low Risk,
RNL0695,0,0.0,Low Risk,
RNP0211,0,0.0,Low Risk,
ROB0272,0,0.0,Low Risk,
RRA0938,0,0.0,Low Risk,
RRC0553,0,0.059559460881078566,Low Risk,Normal
RRP0568,0,0.021026548072571566,Low Risk,Normal
RSC0089,0,0.003537190082644628,Low Risk,Normal
RSM0277,0,0.03876715482561862,Low Risk,Normal
RTO0313,0,0.0,Low Risk,
RUM0880,0,0.0,Low Risk,
RVC0232,0,0.0,Low Risk,
RVF0201,0,0.040681835511658666,Low Risk,Normal
RYB0718,0,0.0,Low Risk,
RZC0746,0,0.0,Low Risk,
SAA0999,0,0.025996825272504322,Low Risk,Normal
SAB0781,0,0.07086739882838736,Low Risk,Normal
SAC0592,0,0.0,Low Risk,
SAC0687,0,0.0,Low Risk,
SAH0599,0,0.0,Low Risk,
SAK0375,0,0.0,Low Risk,
SAP0867,0,0.006,Low Risk,Normal
SAT0194,0,0.0,Low Risk,
SBD0913,0,0.0,Low Risk,
SBH0537,0,0.014612804389557343,Low Risk,Normal
SBK0161,0,0.0,Low Risk,
SBN0495,0,0.0,Low Risk,
SBN0866,0,0.02495020162523764,Low Risk,Normal
SBN0971,0,0.15832014040672407,Low Risk,Normal
SBQ0786,0,0.0,Low Risk,
SCB0534,0,0.0,Low Risk,
SCF0608,0,0.0,Low Risk,
SCP0130,0,0.0703299908591548,Low Risk,Normal
SDB0106,0,0.0,Low Risk,
SDF0017,0,0.0,Low Risk,
SDO0170,0,0.0,Low Risk,
SED0886,0,0.0,Low Risk,
SEJ0677,0,0.0,Low Risk,
SER0165,0,0.0,Low Risk,
SES0477,0,0.0,Low Risk,
SGB0140,0,0.0,Low Risk,
SGG0787,0,0.0,Low Risk,
SGM0021,0,0.0,Low Risk,
SGS0268,0,0.0,Low Risk,
SHR0334,0,0.0,Low Risk,
SHW0578,0,0.0,Low Risk,
SIJ0661,0,0.0,Low Risk,
SJC0333,0,0.0,Low Risk,
SJF0094,0,0.0,Low Risk,
SJO0209,0,0.00880546224284542,Low Risk,Normal
SJW0451,0,0.0,Low Risk,
SKG0759,0,0.0018599999999999999,Low Risk,Normal
SLB0049,0,0.0,Low Risk,
SLP0762,0,0.0,Low Risk,
SLT0907,0,0.002,Low Risk,Normal
SMB0804,0,0.0,Low Risk,
SMH0291,0,0.0,Low Risk,
SMW0084,0,0.0,Low Risk,
SMY0792,0,0.06431091956727976,Low Risk,Normal
SNC0187,0,0.1643769735585923,Low Risk,Normal
SNS0129,0,0.0,Low Risk,
SOB0360,0,0.002,Low Risk,Normal
SOB0586,0,0.0,Low Risk,
SOF0808,0,0.0,Low Risk,
SOG0411,0,0.0,Low Risk,
SPA0141,0,0.001537190082644628,Low Risk,Normal
SRH0155,0,0.0,Low Risk,
SRS0231,0,0.0,Low Risk,
SSG0250,0,0.0,Low Risk,
SSH0799,0,0.0,Low Risk,
SSJ0784,0,0.0,Low Risk,
SSR0278,0,0.002,Low Risk,Normal
SSS0345,0,0.0,Low Risk,
SVL0803,0,0.0,Low Risk,
SVL0940,0,0.0,Low Risk,
SVS0871,0,0.0,Low Risk,
SXM0895,0,0.0,Low Risk,
TAC0300,0,0.0,Low Risk,
TAP0551,1,0.9261120248504822,High Risk,Critical
TBT0461,0,0.0,Low Risk,
TCD0009,0,0.0,Low Risk,
TDG0962,0,0.0,Low Risk,
TDJ0998,0,0.001537190082644628,Low Risk,Normal
TDS0984,0,0.025374646164625595,Low Risk,Normal
TEB0251,0,0.0,Low Risk,
TEM0093,0,0.0,Low Risk,
TEM0977,0,0.0,Low Risk,
TET0621,0,0.0,Low Risk,
THD0448,0,0.0,Low Risk,
THR0873,0,0.009382100773280624,Low Risk,Normal
TIW0299,0,0.0,Low Risk,
TJB0302,0,0.0,Low Risk,
TJD0996,0,0.0,Low Risk,
TJG0582,0,0.0018599999999999999,Low Risk,Normal
TLH0648,0,0.0,Low Risk,
TLK0993,0,0.0,Low Risk,
TLM0797,0,0.0,Low Risk,
TMA0069,0,0.0,Low Risk,
TNM0961,1,0.7439365425447122,Medium Risk,Suspicious
TOR0193,0,0.0,Low Risk,
TPH0474,0,0.0,Low Risk,
TQS0212,0,0.0,Low Risk,
TRK0914,0,0.0,Low Risk,
TSB0437,0,0.0,Low Risk,
TSG0906,0,0.0,Low Risk,
TSM0363,0,0.0,Low Risk,
TSM0927,0,0.001537190082644628,Low Risk,Normal
TSR0676,0,0.08722186667809488,Low Risk,Normal
TTD1000,0,0.0,Low Risk,
TUC0632,0,0.003168769030013049,Low Risk,Normal
TVS0006,0,0.0,Low Risk,
TVS0050,0,0.0,Low Risk,
TYB0779,0,0.0,Low Risk,
UAD0771,0,0.024331435232062437,Low Risk,Normal
UBF0645,0,0.0,Low Risk,
UCH0519,0,0.0,Low Risk,
UCS0227,0,0.0,Low Risk,
UFK0208,0,0.0,Low Risk,
UIR0043,0,0.0,Low Risk,
UJC0737,0,0.0,Low Risk,
USH0199,0,0.1200481835142209,Low Risk,Normal
VAA0087,0,0.0,Low Risk,
VCC0396,0,0.005598317757009346,Low Risk,Normal
VCY0751,0,0.0,Low Risk,
VEB0935,0,0.0,Low Risk,
VFM0814,0,0.2392189189060276,Low Risk,Normal
VIA0063,0,0.03491761349298833,Low Risk,Normal
VLB0647,0,0.0,Low Risk,
VMJ0147,0,0.0,Low Risk,
VMJ0546,0,0.0,Low Risk,
VSA0230,0,0.12153446754626454,Low Risk,Normal
VSS0154,1,0.9197491798108345,High Risk,Critical
VTT0385,0,0.07337865085596765,Low Risk,Normal
WAB0143,0,0.0,Low Risk,
WAS0254,0,0.0,Low Risk,
WBC0192,0,0.001537190082644628,Low Risk,Normal
WBC0315,0,0.0,Low Risk,
WDD0366,1,0.5995772925352408,Medium Risk,Watch
WDO0870,0,0.0,Low Risk,
WDV0573,0,0.0,Low Risk,
WGR0833,0,0.0,Low Risk,
WGS0516,0,0.0,Low Risk,
WIF0691,0,0.02113877180454426,Low Risk,Normal
WIQ0567,0,0.010160174237574206,Low Risk,Normal
WJD0576,0,0.0,Low Risk,
WKD0013,0,0.0,Low Risk,
WKF0012,0,0.0,Low Risk,
WLV0566,0,0.0,Low Risk,
WNB0908,0,0.0,Low Risk,
WPE0538,0,0.0018599999999999999,Low Risk,Normal
WPR0368,0,0.0,Low Risk,
WRM0963,0,0.0,Low Risk,
WSR0241,0,0.0,Low Risk,
WTF0387,0,0.0,Low Risk,
WTR0563,0,0.0,Low Risk,
WVB0539,0,0.0,Low Risk,
WXH0872,0,0.0038599999999999997,Low Risk,Normal
XAA0104,0,0.015035867935219464,Low Risk,Normal
XBN0229,0,0.0,Low Risk,
XHG0902,0,0.0,Low Risk,
XHW0498,1,0.7816086469090452,Medium Risk,Suspicious
XLB0710,0,0.0,Low Risk,
XRS0633,0,0.0,Low Risk,
XWD0923,0,0.189187872362962,Low Risk,Normal
YCE0983,0,0.0,Low Risk,
YDN0198,0,0.0,Low Risk,
YEV0793,0,0.0,Low Risk,
YIC0195,0,0.0,Low Risk,
YJF0532,0,0.0,Low Risk,
YJV0699,0,0.0,Low Risk,
YWW0660,0,0.0,Low Risk,
ZCF0590,0,0.0,Low Risk,
ZDW0859,0,0.0,Low Risk,
ZFM0468,0,0.0,Low Risk,
ZJE0857,0,0.0,Low Risk,
ZJS0269,0,0.0,Low Risk,
ZKS0899,0,0.008357138275887951,Low Risk,Normal
ZMC0284,0,0.0,Low Risk,
ZSB0649,0,0.0,Low Risk,
ZSK0258,0,0.0,Low Risk,
ZSL0305,0,0.0,Low Risk,
